,discount price,discounts,prices,ratings,shoes
0,"?1,947",50% off,"?3,895",3.9 ?,Red Chief Casuals For Men
1,"?1,899",36% off,"?2,999",4.1 ?,Puma Slyde NU IDP Sneakers For Men
2,?899,75% off,"?3,599",4 ?,REEBOK COURT SLIP ST LP Sneakers For Men
3,?384,70% off,"?1,299",3.6 ?,Magnolia Sneakers For Men
4,"?1,222",38% off,"?1,999",3.9 ?,Peter England PE Sneakers For Men
5,?999,75% off,"?3,999",4.2 ?,Fila CANYON MID ANKLE SNEAKER For Men
6,"?1,074",75% off,"?4,299",4.2 ?,Fila OPRAH MID ANKLE SNEAKER For Men
7,?934,62% off,"?2,495",3.9 ?,SCATCHITE Slip On Sneakers For Men
8,?909,30% off,"?1,299",4.2 ?,Peter England PE Sneakers For Men
9,?886,55% off,"?1,999",3.9 ?,Peter England PE Sneakers For Men
10,?699,65% off,"?1,999",3.6 ?,Peter England PE PFFL31898125 Canvas Shoes For Men
11,"?1,199",60% off,"?2,999",4.1 ?,Fila Sneakers For Men
12,"?1,594",58% off,"?3,799",3.6 ?,Puma Court Point Vulc IDP Sneakers For Men
13,?233,53% off,?499,3.9 ?,Benz Sneakers For Men
14,?399,60% off,?999,3.9 ?,Knight Ace Tick Sneakers For Men
15,?399,60% off,?999,4.1 ?,Knight Ace Tick Sneakers For Men
16,"?2,199",45% off,"?3,999",4.3 ?,Hush Puppies By Bata ZERO G NU BUCK BOOTS Casual shoe F...
17,?839,70% off,"?2,799",4.4 ?,Levi's Sneakers For Men
18,?999,75% off,"?3,999",3.9 ?,Vans ERA Sneakers For Men
19,?348,73% off,"?1,299",3.9 ?,BRUTON MCW-303 Casuals For Men
20,?339,15% off,?399,4.4 ?,Bata Slip On Sneakers For Men
21,?699,65% off,"?1,999",3.8 ?,Peter England PE Sneakers For Men
22,"?1,039",60% off,"?2,599",3.6 ?,Fila F SIGMA Sneakers For Men
23,?278,72% off,?999,3.9 ?,"Magnolia Sneakers, Party Wear, Mocassin, Running Shoes ..."
24,?479,80% off,"?2,399",4 ?,Provogue Running Shoes For Men
25,?699,65% off,"?1,999",3.9 ?,Peter England PE PFFL31898123 Casuals For Men
26,?699,65% off,"?1,999",4.1 ?,Peter England PE PFFL31898124 Canvas Shoes For Men
27,"?1,997",50% off,"?3,995",3.6 ?,Red Chief RC3429 022 Casual Shoes For Men
28,"?1,199",70% off,"?3,999",4.1 ?,Levi's Woods Velcro Sneakers For Men
29,?551,57% off,"?1,299",4.4 ?,Magnolia Loafers For Men
30,"?1,539",45% off,"?2,799",4.3 ?,Levi's PRELUDE Sneakers For Men
31,"?2,044",48% off,"?3,999",4 ?,Puma Court Breaker Flag Sneakers For Men
32,?764,55% off,"?1,699",4 ?,North Star by Bata PNORMAN Sneakers For Men
33,?305,69% off,?999,4 ?,Magnolia White Sneakers Sneakers For Men
34,?645,19% off,?799,4 ?,Sparx 283 Canvas Shoes For Men
35,?944,65% off,"?2,699",3.9 ?,Lee Cooper Casuals For Men
36,?674,75% off,"?2,699",3.8 ?,Fila GARSON Canvas Shoes For Men
37,?599,80% off,"?2,999",4 ?,Provogue Boat Shoes For Men
38,?539,80% off,"?2,699",3.6 ?,Indigo Nation Corporate Casuals For Men
39,?649,75% off,"?2,599",4 ?,Flying Machine Synthetic Leather Sneakers For Men
